text,severity
A classmate made a serious threat against another student.,high
Someone threatened me with physical violence.,high
Someone made an uncomfortable remark toward me.,low
There is an active threat involving a weapon.,critical
Someone threatened me because I reported their behavior.,high
A student has suffered serious injuries during a fight.,critical
Someone said something offensive to me once.,low
A classmate made me uncomfortable with a joke.,low
A classmate called me a rude name once.,low
I have been repeatedly insulted by another student.,medium
Someone threatened to seriously hurt me.,high
A student shoved me during an argument and threatened me afterward.,high
Students repeatedly leave me out on purpose.,medium
An armed person is currently threatening people at school.,critical
Someone is actively assaulting a student.,critical
The same group keeps bothering me every day.,medium
Someone left me out of a classroom activity.,low
Someone made me uncomfortable during a conversation.,low
A person is attacking students and has a weapon.,critical
A classmate keeps making jokes about my personal life.,medium
A student made a rude comment about my project.,low
Someone has been making repeated threats against me.,high
Someone made a disrespectful comment during lunch.,low
A student is being attacked and cannot escape.,critical
A student made a rude gesture toward me.,low
Students regularly exclude me from group activities.,medium
A student ignored me when I asked for help.,low
A student has been intimidating me with threats of violence.,high
A group has been repeatedly calling me offensive names.,medium
Someone threatened me during a confrontation.,high
Someone made an unpleasant remark online.,low
A classmate made a joke about my appearance.,low
Someone is attacking me right now and I cannot get away.,critical
Students keep making humiliating jokes about me.,medium
A student keeps making inappropriate comments toward me.,medium
Someone is holding a weapon and threatening people.,critical
Someone threatened to beat me if I reported them.,high
Someone teased me once during lunch.,low
A student keeps making offensive remarks toward me.,medium
A classmate made an embarrassing joke about me.,low
A student sent me an unpleasant message.,low
Someone has been waiting for me and making threats.,high
A classmate made a joke about my accent.,low
A classmate has been sending insulting messages several times.,medium
A student repeatedly embarrasses me in front of others.,medium
Someone made a comment that embarrassed me.,low
A student is bleeding heavily after being attacked.,critical
A person with a weapon is currently threatening students.,critical
There is an immediate danger to students from an ongoing attack.,critical
A student has been aggressively confronting me and making threats.,high
Someone has been spreading rumors about me for several days.,medium
A student has been following me and threatening me.,high
A student has been targeting me with repeated insults.,medium
A classmate threatened to bring someone to hurt me.,high
A student has repeatedly threatened me after class.,high
Someone is currently threatening to kill someone at school.,critical
A student threatened to find me after school.,high
Someone keeps posting embarrassing things about me online.,medium
A classmate repeatedly sends me rude messages.,medium
A student is being violently attacked right now.,critical
A classmate made an inappropriate comment toward me.,low
A student laughed at me when I made a mistake.,low
A student threatened me while several other students watched.,high
Someone repeatedly sends hurtful messages to me.,medium
A student is in immediate danger from an ongoing attack.,critical
A student is seriously injured after being attacked.,critical
Someone threatened to physically harm my friend.,high
Someone is actively threatening people with a weapon.,critical
A student is in immediate danger from a violent person.,critical
Students keep making fun of me whenever I participate.,medium
A student threatened to hurt another student.,high
A student threatened violence during an argument.,high
A student is seriously injured and needs emergency medical attention.,critical
Someone told me they would hurt my family.,high
A student pushed me and said they would hurt me again.,high
Someone mocked my answer during a discussion.,low
A student ignored me during a group activity.,low
Someone cornered me and threatened me.,high
Someone made fun of my handwriting.,low
A classmate told me they were going to attack me.,high
Someone repeatedly posts mean comments about me.,medium
Someone threatened to assault me after school.,high
A classmate has repeatedly tried to embarrass me.,medium
A student excluded me from a group activity.,low
Someone posted an unkind comment about me.,low
A student has been badly injured during an active violent incident.,critical
The same students keep bothering me between classes.,medium
A classmate threatened to physically harm me.,high
Someone has repeatedly shared private information about me.,medium
Someone made a sarcastic comment about me.,low
I have been repeatedly excluded from activities.,medium
A violent attack is happening right now.,critical
A student is physically attacking another student right now.,critical
A student keeps threatening to embarrass me in front of others.,medium
A classmate threatened me through messages.,high
A group of students keeps targeting me during school.,medium
A student laughed when I was speaking.,low
A classmate threatened to hurt me if I refused to help them.,high
A classmate made a joke about my hairstyle.,low
Someone is threatening immediate deadly violence.,critical
Someone is actively attempting to harm students.,critical
Someone is threatening immediate serious harm to students.,critical
Someone is currently seriously injuring another person.,critical
A student has been attacked and appears seriously injured.,critical
A student is unconscious after a violent incident.,critical
There is an active violent incident happening at school.,critical
I have been receiving repeated insulting messages.,medium
Someone sent a threatening message saying they would attack me.,high
A classmate threatened me if I told a teacher.,high
A student made a rude comment in front of classmates.,low
A violent fight is happening right now and someone is badly injured.,critical
A student laughed at me for asking a question.,low
Someone repeatedly sends me unwanted messages.,medium
Someone has been repeatedly spreading rumors about me.,medium
A person is actively attacking people in the school.,critical
A classmate made fun of something I said.,low
Someone has been waiting outside my classroom and threatening me.,high
Someone sent me a message threatening physical harm.,high
A student teased me about my school work.,low
The bullying has been happening regularly for weeks.,medium
A student keeps making humiliating comments toward me.,medium
Students have been intentionally excluding me for several weeks.,medium
Someone keeps mocking me whenever they see me.,medium
A group of students repeatedly mocks me in class.,medium
A student threatened to attack me tomorrow.,high
A classmate joked about my interests.,low
Someone is actively trying to seriously harm another student.,critical
Someone is seriously hurting a student right now.,critical
